<TICKER>,<DTYYYYMMDD>,<OPEN>,<HIGH>,<LOW>,<CLOSE>,<VOL>
2S,20100104,3.1,3.14,3.1,3.1,379500
2S,20100105,3.1,3.12,3.1,3.1,107900
2S,20100106,3.1,3.1,3.1,3.1,196100
2S,20100107,3.1,3.1,3.08,3.08,158200
2S,20100108,3.1,3.2,3.08,3.08,514600
2S,20100111,3.1,3.16,3.08,3.1,435300
2S,20100112,3.1,3.14,3.08,3.08,234600
2S,20100113,3.1,3.14,3.1,3.1,152900
2S,20100114,3.12,3.14,3.1,3.1,113200
2S,20100115,3.12,3.12,3.08,3.08,81100
2S,20100118,3.08,3.1,3.08,3.08,104900
2S,20100119,3.12,3.12,3.06,3.1,269400
2S,20100120,3.1,3.16,3.08,3.1,652800
2S,20100121,3.08,3.12,3.04,3.12,141100
2S,20100122,3.08,3.08,3.06,3.06,85500
2S,20100125,3.06,3.08,3.06,3.08,129700
2S,20100127,3.06,3.06,3.02,3.02,756500
2S,20100128,3.02,3.04,3,3,491900
2S,20100129,3,3.04,3,3.02,527900
2S,20100201,3.02,3.04,3.02,3.02,113500
2S,20100202,3.04,3.04,3.02,3.02,100000
2S,20100203,3.06,3.06,3.04,3.04,26000
2S,20100204,3.06,3.06,3.04,3.04,71000
2S,20100205,3,3.02,3,3,249300
2S,20100208,3.04,3.1,3.04,3.06,535000
2S,20100210,3.06,3.06,3.04,3.04,15000
2S,20100211,3.04,3.08,3.04,3.08,42000
2S,20100212,3.08,3.08,3.06,3.08,49000
2S,20100215,3.06,3.06,3.06,3.06,35003
2S,20100216,3.08,3.08,3.06,3.08,2800
2S,20100217,3.08,3.08,3.06,3.06,40101
2S,20100218,3.12,3.42,3.12,3.34,5322291
2S,20100219,3.34,3.46,3.2,3.2,5324100
2S,20100222,3.22,3.3,3.16,3.16,1571300
2S,20100223,3.16,3.22,3.08,3.14,1115900
2S,20100224,3.14,3.2,3.1,3.1,458800
2S,20100225,3.18,3.28,3,3.04,5671501
2S,20100226,3.06,3.08,3.02,3.06,1395700
2S,20100302,3.06,3.12,3.06,3.1,683600
2S,20100303,3.1,3.12,3.08,3.1,239900
2S,20100304,3.08,3.14,3.08,3.1,269300
2S,20100305,3.12,3.14,3.08,3.1,648200
2S,20100308,3.1,3.12,3.08,3.12,392900
2S,20100309,3.1,3.12,3.06,3.06,394100
2S,20100310,3.08,3.08,3.06,3.08,11600
2S,20100311,3.1,3.1,3.1,3.1,51500
2S,20100312,3.08,3.1,3.08,3.08,72100
2S,20100315,3.06,3.08,3.02,3.06,118900
2S,20100316,3.1,3.16,3.1,3.16,444000
2S,20100317,3.14,3.18,3.1,3.16,143500
2S,20100318,3.16,3.18,3.14,3.14,177400
2S,20100319,3.16,3.3,3.16,3.18,1567900
2S,20100322,3.18,3.2,3.16,3.16,568000
2S,20100323,3.18,3.22,3.16,3.16,295400
2S,20100324,3.2,3.2,3.16,3.16,92700
2S,20100325,3.18,3.22,3.14,3.18,808300
2S,20100326,3.2,3.22,3.18,3.18,407300
2S,20100329,3.18,3.28,3.18,3.22,1476000
2S,20100330,3.28,3.32,3.26,3.26,1258000
2S,20100331,3.3,3.36,3.26,3.26,583700
2S,20100401,3.26,3.28,3.26,3.26,311700
2S,20100402,3.28,3.34,3.26,3.28,583400
2S,20100405,3.28,3.54,3.28,3.38,3684500
2S,20100407,3.5,3.5,3.38,3.4,778300
2S,20100408,3.4,3.46,3.32,3.36,670000
2S,20100409,3.32,3.36,3.32,3.34,66000
2S,20100412,3.2,3.24,3.18,3.2,617200
2S,20100416,3.2,3.24,3.2,3.24,117102
2S,20100419,3.24,3.24,3.2,3.22,139800
2S,20100420,3.22,3.3,3.22,3.3,210000
2S,20100421,3.28,3.34,3.24,3.34,205700
2S,20100422,3.34,3.4,3.34,3.36,269900
2S,20100423,3.34,3.38,3.32,3.34,293600
2S,20100426,3.06,3.3,3,3.3,731100
2S,20100427,3.16,3.18,3.1,3.1,320200
2S,20100428,3.08,3.12,3.08,3.08,38200
2S,20100429,3.1,3.12,3.1,3.12,29900
2S,20100430,3.08,3.1,3.08,3.1,9300
2S,20100504,3.12,3.14,3.12,3.14,258698
2S,20100506,3.16,3.18,3.14,3.16,343100
2S,20100507,3.14,3.14,3.12,3.12,101400
2S,20100510,3.16,3.16,3.14,3.14,37800
2S,20100511,3.14,3.14,3.12,3.12,140300
2S,20100512,3.14,3.16,3.12,3.12,28000
2S,20100513,3.16,3.16,3.12,3.12,70100
2S,20100514,3.1,3.12,3.08,3.1,112000
2S,20100517,3.04,3.08,3.04,3.08,613100
2S,20100518,3.08,3.08,3.06,3.06,24500
2S,20100519,3.1,3.1,3.06,3.06,11700
2S,20100524,3.06,3.08,3.06,3.06,163700
2S,20100525,3.06,3.06,2.96,3.04,57200
2S,20100526,3.02,3.02,3,3,118000
2S,20100527,2.98,3,2.98,3,23600
2S,20100531,3.02,3.02,3.02,3.02,2500
2S,20100601,3.02,3.02,3,3.02,11100
2S,20100602,3.02,3.08,3,3,97700
2S,20100603,3.04,3.1,3.04,3.06,183400
2S,20100604,3.06,3.06,3.04,3.06,16100
2S,20100607,3.06,3.3,3.02,3.08,1133300
2S,20100608,3.1,3.14,3.1,3.1,330400
2S,20100609,3.14,3.18,3.08,3.1,479800
2S,20100610,3.1,3.2,3.1,3.12,2267800
2S,20100611,3.14,3.14,3.06,3.06,361800
2S,20100614,3.06,3.1,3,3.06,473700
2S,20100615,3.1,3.1,3.06,3.08,678000
2S,20100616,3.08,3.12,3.06,3.06,1748700
2S,20100617,3.1,3.1,3.04,3.08,331500
2S,20100618,3.1,3.1,3.06,3.08,136900
2S,20100621,3.06,3.1,2.98,3.04,2112800
2S,20100622,3.04,3.08,3.04,3.04,51700
2S,20100623,3.06,3.1,3.02,3.06,395000
2S,20100624,3.08,3.08,3.04,3.08,184600
2S,20100625,3.06,3.1,3.04,3.06,356600
2S,20100628,3.1,3.1,3.06,3.06,20500
2S,20100629,3.08,3.1,3.04,3.06,68100
2S,20100630,3.08,3.08,3.04,3.04,11800
2S,20100702,3.04,3.12,3.04,3.06,871000
2S,20100705,3.06,3.14,3.06,3.12,392700
2S,20100706,3.12,3.14,3.06,3.06,283900
2S,20100707,3.08,3.1,3.08,3.1,2400
2S,20100708,3.08,3.1,3.08,3.1,14500
2S,20100709,3.1,3.2,3.08,3.08,812200
2S,20100712,3.12,3.12,3.08,3.08,39600
2S,20100713,3.08,3.1,3.08,3.08,107600
2S,20100714,3.08,3.12,3.08,3.12,143000
2S,20100715,3.12,3.12,3.1,3.12,9600
2S,20100716,3.12,3.12,3.1,3.1,34000
2S,20100719,3.1,3.1,3.08,3.1,648000
2S,20100720,3.12,3.16,3.08,3.08,315000
2S,20100721,3.08,3.12,3.08,3.12,89400
2S,20100722,3.14,3.2,3.12,3.14,642500
2S,20100723,3.18,3.18,3.12,3.14,73900
2S,20100727,3.16,3.16,3.12,3.12,108400
2S,20100728,3.12,3.16,3.1,3.12,92200
2S,20100729,3.1,3.2,3.1,3.14,225400
2S,20100730,3.14,3.22,3.12,3.16,792500
2S,20100802,3.16,3.26,3.16,3.2,874800
2S,20100803,3.22,3.28,3.22,3.28,657000
2S,20100804,3.5,3.5,3.32,3.44,2667300
2S,20100805,3.48,3.48,3.4,3.4,735400
2S,20100806,3.32,3.38,3.32,3.38,223300
2S,20100809,3.32,3.36,3.22,3.26,344400
2S,20100810,3.24,3.24,3.16,3.24,215700
2S,20100811,3.24,3.24,3.14,3.16,549000
2S,20100816,3.16,3.18,3.12,3.12,153600
2S,20100817,3.12,3.24,3.12,3.16,370600
2S,20100818,3.16,3.16,3.16,3.16,35600
2S,20100819,3.16,3.16,3.16,3.16,26500
2S,20100820,3.16,3.26,3.16,3.26,361800
2S,20100823,3.24,3.24,3.16,3.16,65300
2S,20100824,3.18,3.24,3.18,3.24,206000
2S,20100825,3.24,3.24,3.18,3.18,349400
2S,20100826,3.2,3.24,3.2,3.2,250100
2S,20100827,3.18,3.22,3.18,3.18,79900
2S,20100830,3.18,3.2,3.18,3.2,263300
2S,20100831,3.2,3.22,3.2,3.22,150100
2S,20100901,3.22,3.22,3.18,3.18,189100
2S,20100902,3.2,3.2,3.2,3.2,10000
2S,20100903,3.18,3.22,3.18,3.18,54000
2S,20100906,3.2,3.24,3.2,3.2,148800
2S,20100907,3.2,3.2,3.16,3.2,84500
2S,20100908,3.22,3.24,3.2,3.2,136300
2S,20100909,3.22,3.22,3.2,3.2,29400
2S,20100910,3.22,3.22,3.2,3.2,111300
2S,20100913,3.22,3.24,3.22,3.22,13400
2S,20100914,3.22,3.3,3.2,3.26,211300
2S,20100915,3.26,3.26,3.1,3.26,82700
2S,20100916,3.26,3.26,3.24,3.24,19100
2S,20100917,3.2,3.24,3.2,3.22,12400
2S,20100920,3.22,3.24,3.22,3.22,40500
2S,20100921,3.2,3.22,3.18,3.22,44000
2S,20100922,3.2,3.22,3.2,3.22,110000
2S,20100923,3.22,3.22,3.22,3.22,10100
2S,20100924,3.28,3.28,3.28,3.28,600
2S,20100927,3.26,3.26,3.2,3.2,52200
2S,20100928,3.24,3.24,3.24,3.24,22500
2S,20100929,3.2,3.2,3.2,3.2,22500
2S,20100930,3.2,3.2,3.2,3.2,62600
2S,20101001,3.22,3.22,3.22,3.22,10000
2S,20101004,3.2,3.2,3.12,3.14,598200
2S,20101005,3.16,3.16,3.14,3.16,120000
2S,20101006,3.16,3.22,3.16,3.22,2700
2S,20101007,3.22,3.22,3.18,3.18,13100
2S,20101011,3.16,3.22,3.14,3.22,249000
2S,20101012,3.22,3.22,3.16,3.16,53000
2S,20101013,3.22,3.24,3.16,3.22,149700
2S,20101014,3.22,3.22,3.22,3.22,9000
2S,20101015,3.22,3.24,3.2,3.24,156100
2S,20101019,3.18,3.18,3.18,3.18,15000
2S,20101020,3.24,3.3,3.18,3.18,18000
2S,20101021,3.2,3.2,3.18,3.18,12800
2S,20101022,3.22,3.22,3.2,3.22,62900
2S,20101026,3.24,3.24,3.24,3.24,29000
2S,20101027,3.2,3.22,3.2,3.22,262400
2S,20101028,3.24,3.3,3.22,3.26,275500
2S,20101029,3.28,3.32,3.26,3.26,480000
2S,20101101,3.24,3.26,3.22,3.24,390900
2S,20101102,3.2,3.24,3.2,3.24,18700
2S,20101103,3.2,3.24,3.18,3.24,307500
2S,20101104,3.2,3.24,3.18,3.22,355200
2S,20101105,3.18,3.2,3.18,3.2,303000
2S,20101109,3.24,3.24,3.2,3.2,301400
2S,20101110,3.2,3.2,3.2,3.2,260000
2S,20101111,3.2,3.28,3.16,3.22,610300
2S,20101112,3.2,3.2,3.14,3.14,151000
2S,20101115,3.24,3.24,3.14,3.14,1200
2S,20101116,3.16,3.16,3.14,3.14,70000
2S,20101117,3.14,3.14,3.1,3.1,132100
2S,20101118,3.12,3.2,3.1,3.2,192100
2S,20101119,3.14,3.14,3.14,3.14,154000
2S,20101122,3.28,3.28,3.14,3.14,23000
2S,20101123,3.16,3.18,3.16,3.18,25500
2S,20101124,3.1,3.12,3.1,3.12,80000
2S,20101125,3.14,3.16,3.12,3.16,71300
2S,20101126,3.1,3.14,3.1,3.14,40000
2S,20101129,3.1,3.1,3.1,3.1,100
2S,20101201,3.08,3.22,3.08,3.22,121600
2S,20101202,3.12,3.16,3.1,3.16,31400
2S,20101207,3.2,3.2,3.2,3.2,90000
2S,20101209,3.14,3.18,3.14,3.18,8300
2S,20101215,3.18,3.2,3.14,3.2,38800
2S,20101216,3.16,3.18,3.16,3.18,20000
2S,20101217,3.18,3.18,3.18,3.18,20000
2S,20101220,3.18,3.28,3.16,3.24,290000
2S,20101221,3.26,3.26,3.06,3.2,162400
2S,20101223,3.12,3.14,3.12,3.14,22400
2S,20101224,3.18,3.18,3.18,3.18,1000
2S,20101227,3.16,3.18,3.16,3.18,21100
2S,20101229,3.12,3.12,3.12,3.12,100
2S,20110104,3.12,3.14,3.1,3.12,48000
2S,20110105,3.12,3.14,3.12,3.12,28000
2S,20110106,3.14,3.14,3.14,3.14,100000
2S,20110107,3.1,3.14,3.1,3.14,41000
2S,20110110,3.28,3.28,3.18,3.2,31900
2S,20110111,3.16,3.18,3.16,3.16,29500
2S,20110112,3.18,3.2,3.18,3.2,70000
2S,20110113,3.16,3.16,3.16,3.16,10000
2S,20110114,3.16,3.16,3.16,3.16,17000
2S,20110117,3.2,3.22,3.18,3.18,153000
2S,20110118,3.18,3.2,3.18,3.18,66100
2S,20110120,3.16,3.16,3.16,3.16,20000
2S,20110121,3.2,3.22,3.18,3.2,81300
2S,20110124,3.18,3.18,3.12,3.14,24000
2S,20110125,3.16,3.22,3.16,3.22,11200
2S,20110127,3.22,3.24,3.18,3.18,6000
2S,20110128,3.18,3.18,3.18,3.18,5000
2S,20110201,3.18,3.18,3.16,3.18,717000
2S,20110202,3.34,3.34,3.34,3.34,1600
2S,20110204,3.2,3.2,3.2,3.2,10000
2S,20110207,3.2,3.2,3.2,3.2,5000
2S,20110209,3.18,3.2,3.18,3.2,5800
2S,20110214,3.3,3.3,3.28,3.3,91600
2S,20110215,3.26,3.28,3.26,3.28,270000
2S,20110216,3.28,3.28,3.28,3.28,183100
2S,20110217,3.26,3.26,3.26,3.26,98100
2S,20110221,3.26,3.3,3.26,3.28,38600
2S,20110222,3.3,3.3,3.24,3.26,120000
2S,20110223,3.42,3.42,3.32,3.32,624200
2S,20110224,3.36,3.38,3.3,3.3,85300
2S,20110225,3.3,3.32,3.24,3.3,24700
2S,20110228,3.32,3.32,3.2,3.2,26500
2S,20110301,3.22,3.28,3.22,3.28,7400
2S,20110302,3.28,3.28,3.28,3.28,5900
2S,20110303,3.28,3.28,3.24,3.28,209600
2S,20110304,3.28,3.28,3.24,3.24,157100
2S,20110307,3.28,3.28,3.26,3.28,58500
2S,20110308,3.3,3.3,3.3,3.3,30700
2S,20110309,3.28,3.28,3.28,3.28,41700
2S,20110310,3.28,3.28,3.28,3.28,300
2S,20110311,3.3,3.4,3.3,3.3,44500
2S,20110314,3.32,3.32,3.3,3.32,835600
2S,20110315,3.3,3.3,3.28,3.3,456400
2S,20110316,3.3,3.3,3.26,3.28,82100
2S,20110317,3.28,3.28,3.28,3.28,6600
2S,20110318,3.3,3.3,3.28,3.3,501300
2S,20110321,3.38,3.38,3.3,3.3,503100
2S,20110322,3.32,3.32,3.3,3.3,10100
2S,20110323,3.36,3.36,3.32,3.32,527300
2S,20110324,3.32,3.32,3.32,3.32,33000
2S,20110325,3.3,3.38,3.3,3.38,94000
2S,20110328,3.3,3.38,3.3,3.38,500
2S,20110330,3.32,3.38,3.32,3.38,24400
2S,20110331,3.4,3.4,3.36,3.36,17100
2S,20110401,3.38,3.4,3.32,3.38,128800
2S,20110404,3.34,3.38,3.34,3.36,31200
2S,20110405,3.34,3.34,3.32,3.32,20000
2S,20110407,3.36,3.36,3.34,3.34,12200
2S,20110408,3.34,3.36,3.32,3.32,25900
2S,20110411,3.36,3.36,3.34,3.36,5700
2S,20110412,3.38,3.38,3.36,3.38,36600
2S,20110418,3.4,3.4,3.36,3.38,28400
2S,20110419,3.38,3.44,3.38,3.44,26700
2S,20110420,3.46,3.5,3.4,3.5,116800
2S,20110421,3.54,3.58,3.5,3.54,404500
2S,20110422,3.5,3.52,3.5,3.5,23300
2S,20110425,3.52,3.54,3.44,3.44,87200
2S,20110426,3.5,3.5,3.5,3.5,1028400
2S,20110427,3.5,3.5,3.5,3.5,35600
2S,20110428,3.5,3.5,3.48,3.48,267500
2S,20110429,3.5,3.5,3.48,3.48,77800
2S,20110503,3.48,3.48,3.42,3.48,302000
2S,20110504,2.7,2.8,2.7,2.76,431300
2S,20110506,2.76,2.76,2.74,2.74,40900
2S,20110509,2.76,2.78,2.7,2.74,11400
2S,20110510,2.7,2.72,2.68,2.7,61400
2S,20110511,2.72,2.8,2.68,2.76,877000
2S,20110512,2.76,2.76,2.68,2.7,258700
2S,20110513,2.7,2.7,2.7,2.7,30000
2S,20110518,2.5,2.76,2.5,2.76,83200
2S,20110519,2.72,2.72,2.66,2.72,13200
2S,20110520,2.72,2.72,2.62,2.68,76900
2S,20110523,2.44,2.76,2.44,2.66,10000
2S,20110524,2.66,2.68,2.66,2.68,18700
2S,20110526,2.68,2.72,2.68,2.7,17900
2S,20110527,2.72,2.8,2.68,2.68,53800
2S,20110530,2.7,2.7,2.68,2.68,100300
2S,20110531,2.7,2.72,2.7,2.7,28900
2S,20110601,2.68,2.8,2.68,2.72,760700
2S,20110602,2.74,2.78,2.72,2.72,22900
2S,20110603,2.74,2.74,2.72,2.74,75000
2S,20110606,2.74,2.74,2.72,2.72,62900
2S,20110607,2.72,2.72,2.72,2.72,22800
2S,20110608,2.72,2.72,2.64,2.68,208800
2S,20110609,2.64,2.68,2.64,2.64,385900
2S,20110610,2.7,2.7,2.66,2.66,61500
2S,20110613,2.68,2.7,2.66,2.66,19500
2S,20110614,2.68,2.7,2.68,2.68,16100
2S,20110615,2.68,2.68,2.66,2.66,39800
2S,20110616,2.68,2.68,2.64,2.64,97200
2S,20110617,2.64,2.66,2.64,2.66,10900
2S,20110620,2.62,2.68,2.62,2.68,10400
2S,20110621,2.68,2.68,2.68,2.68,5000
2S,20110622,2.72,2.74,2.68,2.68,16100
2S,20110623,2.68,2.68,2.68,2.68,25900
2S,20110624,2.66,2.7,2.66,2.66,33500
2S,20110628,2.72,2.72,2.66,2.68,33500
2S,20110629,2.68,2.68,2.68,2.68,29900
2S,20110630,2.7,2.7,2.68,2.68,16300
2S,20110704,2.72,2.72,2.68,2.7,8300
2S,20110705,2.7,2.7,2.7,2.7,24100
2S,20110706,2.68,2.72,2.68,2.68,125000
2S,20110707,2.7,2.72,2.7,2.7,121600
2S,20110708,2.7,2.7,2.68,2.68,150200
2S,20110711,2.74,2.74,2.68,2.68,138700
2S,20110712,2.7,2.7,2.68,2.68,41200
2S,20110713,2.7,2.7,2.68,2.68,90100
2S,20110714,2.7,2.7,2.66,2.68,216700
2S,20110718,2.68,2.68,2.68,2.68,101000
2S,20110719,2.68,2.68,2.68,2.68,29000
2S,20110720,2.68,2.68,2.68,2.68,40000
2S,20110721,2.78,2.78,2.7,2.7,1700
2S,20110722,2.7,2.7,2.7,2.7,65500
2S,20110725,2.7,2.7,2.68,2.68,261000
2S,20110726,2.68,2.68,2.68,2.68,5600
2S,20110727,2.68,2.68,2.68,2.68,216000
2S,20110728,2.68,2.68,2.68,2.68,112400
2S,20110729,2.68,2.68,2.68,2.68,117800
2S,20110801,2.68,2.68,2.68,2.68,40000
2S,20110802,2.68,2.68,2.68,2.68,77000
2S,20110803,2.68,2.68,2.68,2.68,80000
2S,20110804,2.72,2.72,2.66,2.66,20200
2S,20110805,2.66,2.66,2.64,2.64,86800
2S,20110808,2.64,2.64,2.64,2.64,58400
2S,20110809,2.64,2.64,2.64,2.64,19700
2S,20110810,2.66,2.66,2.6,2.6,165000
2S,20110811,2.6,2.62,2.6,2.6,146100
2S,20110816,2.74,2.74,2.62,2.62,18300
2S,20110817,2.64,2.64,2.62,2.62,16800
2S,20110819,2.6,2.6,2.6,2.6,107500
2S,20110822,2.6,2.62,2.6,2.6,120300
2S,20110823,2.6,2.6,2.6,2.6,102500
2S,20110824,2.6,2.6,2.6,2.6,162500
2S,20110825,2.6,2.6,2.56,2.56,121500
2S,20110826,2.56,2.56,2.56,2.56,800
2S,20110829,2.58,2.58,2.56,2.58,128000
2S,20110830,2.6,2.6,2.6,2.6,10000
2S,20110831,2.62,2.62,2.62,2.62,60100
2S,20110905,2.58,2.58,2.58,2.58,6000
2S,20110906,2.58,2.58,2.56,2.58,15000
2S,20110909,2.56,2.56,2.56,2.56,3000
2S,20110912,2.56,2.56,2.56,2.56,3700
2S,20110913,2.56,2.56,2.52,2.52,100300
2S,20110914,2.52,2.58,2.52,2.58,53500
2S,20110915,2.54,2.56,2.54,2.56,132000
2S,20110920,2.56,2.56,2.56,2.56,40000
2S,20110922,2.6,2.6,2.46,2.6,145100
2S,20110923,2.5,2.6,2.44,2.6,78100
2S,20110926,2.4,2.4,2.38,2.38,15000
2S,20110927,2.4,2.42,2.3,2.4,70900
2S,20110928,2.34,2.34,2.34,2.34,10000
2S,20110929,2.36,2.36,2.34,2.34,29000
2S,20110930,2.34,2.34,2.34,2.34,10000
2S,20111007,2.22,2.3,2.22,2.3,10000
2S,20111012,2.18,2.22,2.18,2.22,4800
2S,20111013,2.4,2.6,2.4,2.6,8400
2S,20111027,2.24,2.58,2.24,2.56,510100
2S,20111031,2.58,2.58,2.52,2.54,402200
2S,20111101,2.58,2.58,2.58,2.58,10100
2S,20111104,2.58,2.58,2.58,2.58,10000
2S,20111108,2.58,2.58,2.58,2.58,15000
2S,20111111,2.52,2.52,2.28,2.28,800
2S,20111116,2.58,2.58,2.46,2.46,2500
2S,20111117,2.54,2.56,2.4,2.54,42100
2S,20111118,2.42,2.42,2.42,2.42,400
2S,20111122,2.54,2.54,2.54,2.54,200
2S,20111123,2.54,2.54,2.46,2.46,3900
2S,20111124,2.48,2.48,2.46,2.46,107500
2S,20111125,2.48,2.5,2.48,2.5,11000
2S,20111128,2.5,2.5,2.5,2.5,5200
2S,20111129,2.16,2.48,2.16,2.48,400
2S,20111201,2.5,2.5,2.38,2.4,500
2S,20111202,2.38,2.5,2.34,2.44,39200
2S,20111206,2.42,2.5,2.3,2.5,5400
2S,20111207,2.5,2.52,2.36,2.44,16400
2S,20111208,2.44,2.46,2.42,2.42,10700
2S,20111209,2.46,2.46,2.44,2.44,900
2S,20111213,2.44,2.5,2.44,2.5,4200
2S,20111214,2.52,2.52,2.38,2.38,200
2S,20111215,2.46,2.46,2.46,2.46,100
2S,20111216,2.02,2.02,2.02,2.02,100
2S,20111227,2.32,2.32,2.3,2.3,45000
2S,20120105,2.44,2.52,2.32,2.5,2100
2S,20120109,2.5,2.5,2.34,2.34,2100
2S,20120111,2.44,2.48,2.4,2.4,12700
2S,20120112,2.52,2.52,2.32,2.34,3100
2S,20120119,2.34,2.58,2.34,2.48,23300
2S,20120120,2.4,2.4,2.4,2.4,100
2S,20120124,2.5,2.5,2.5,2.5,100
2S,20120125,2.5,2.52,2.42,2.42,15100
2S,20120126,2.5,2.5,2.5,2.5,10000
2S,20120127,2.5,2.5,2.5,2.5,31400
2S,20120130,2.58,2.58,2.4,2.5,40700
2S,20120131,2.4,2.48,2.4,2.48,10100
2S,20120201,2.5,2.5,2.4,2.48,30400
2S,20120202,2.5,2.5,2.4,2.46,25800
2S,20120203,2.46,2.5,2.46,2.48,22500
2S,20120206,2.58,2.58,2.38,2.38,600
2S,20120209,2.5,2.5,2.5,2.5,10000
2S,20120210,2.5,2.58,2.42,2.52,50600
2S,20120213,2.5,2.52,2.48,2.48,40300
2S,20120214,2.48,2.48,2.44,2.48,20200
2S,20120215,2.38,2.52,2.32,2.44,3200
2S,20120216,2.6,2.6,2.38,2.5,20300
2S,20120217,2.46,2.5,2.46,2.48,39800
2S,20120220,2.5,2.5,2.48,2.48,60300
2S,20120221,2.5,2.52,2.5,2.52,48600
2S,20120222,2.6,2.6,2.42,2.5,20300
2S,20120223,2.5,2.6,2.48,2.48,20300
2S,20120224,2.5,2.5,2.42,2.5,35300
2S,20120227,2.6,2.6,2.4,2.5,40900
2S,20120228,2.5,2.5,2.48,2.48,70300
2S,20120229,2.5,2.52,2.5,2.5,10600
2S,20120301,2.5,2.5,2.5,2.5,127000
2S,20120302,2.5,2.56,2.5,2.56,2000
2S,20120305,2.56,2.56,2.56,2.56,700
2S,20120306,2.5,2.5,2.5,2.5,400
2S,20120309,2.5,2.54,2.5,2.54,10100
2S,20120312,2.56,2.56,2.56,2.56,100
2S,20120313,2.48,2.48,2.48,2.48,100
2S,20120314,2.54,2.54,2.54,2.54,100
2S,20120319,2.56,2.56,2.56,2.56,400
2S,20120320,2.56,2.66,2.52,2.52,265100
2S,20120403,2.54,2.54,2.54,2.54,10000
2S,20120404,2.54,2.54,2.54,2.54,3600
2S,20120412,2.56,2.56,2.56,2.56,5000
2S,20120419,2.48,2.48,2.44,2.44,5300
2S,20120424,2.44,2.5,2.44,2.5,349600
2S,20120425,2.5,2.5,2.46,2.5,245000
2S,20120427,2.46,2.46,2.46,2.46,2800
2S,20120502,2.5,2.52,2.5,2.52,19500
2S,20120503,2.54,2.54,2.48,2.48,7200
2S,20120504,2.48,2.54,2.48,2.52,39900
2S,20120508,2.4,2.42,2.4,2.42,12000
2S,20120509,2.48,2.5,2.44,2.44,117100
2S,20120511,2.44,2.44,2.42,2.42,1000
2S,20120514,2.34,2.34,2.34,2.34,100
2S,20120516,2.5,2.5,2.5,2.5,100
2S,20120523,2.42,2.42,2.38,2.38,12200
2S,20120525,2.3,2.4,2.3,2.36,12100
2S,20120529,2.36,2.36,2.34,2.34,20000
2S,20120531,2.3,2.3,2.3,2.3,15500
2S,20120601,2.38,2.38,2.32,2.34,29900
2S,20120605,2.32,2.32,2.32,2.32,13000
2S,20120613,2.34,2.34,2.34,2.34,1000
2S,20120618,2.32,2.32,2.32,2.32,1100
2S,20120621,2.36,2.36,2.36,2.36,13000
2S,20120622,2.36,2.36,2.36,2.36,2500
2S,20120626,2.44,2.44,2.44,2.44,100
2S,20120629,2.32,2.32,2.32,2.32,1000
2S,20120703,2.34,2.34,2.34,2.34,500
2S,20120704,2.34,2.34,2.34,2.34,3500
2S,20120705,2.34,2.34,2.34,2.34,100
2S,20120710,2.36,2.36,2.36,2.36,3000
2S,20120716,2.34,2.34,2.32,2.32,10300
2S,20120718,2.34,2.34,2.34,2.34,200
2S,20120719,2.34,2.34,2.32,2.32,4300
2S,20120723,2.54,2.54,2.54,2.54,100
2S,20120724,2.5,2.5,2.34,2.38,54000
2S,20120726,2.46,2.48,2.32,2.34,9900
2S,20120730,2.32,2.32,2.32,2.32,2900
2S,20120801,2.38,2.38,2.38,2.38,100
2S,20120803,2.38,2.38,2.3,2.34,37700
2S,20120807,2.38,2.38,2.38,2.38,1000
2S,20120810,2.32,2.32,2.3,2.3,6200
2S,20120814,2.3,2.3,2.3,2.3,500
2S,20120816,2.32,2.32,2.3,2.3,25300
2S,20120817,2.32,2.32,2.3,2.3,10500
2S,20120821,2.3,2.32,2.3,2.32,200
2S,20120822,2.46,2.46,2.3,2.3,31100
2S,20120830,2.3,2.3,2.3,2.3,500
2S,20120904,2.28,2.34,2.28,2.34,2200
2S,20120905,2.32,2.32,2.32,2.32,1900
2S,20120906,2.4,2.4,2.4,2.4,500
2S,20120912,2.34,2.46,2.34,2.46,300
2S,20120914,2.34,2.34,2.34,2.34,700
2S,20121002,2.46,2.46,2.46,2.46,70000
2S,20121003,2.4,2.4,2.4,2.4,700
2S,20121004,2.5,2.5,2.5,2.5,5000
2S,20121009,2.48,2.48,2.48,2.48,10100
2S,20121011,2.48,2.48,2.48,2.48,25000
2S,20121017,2.44,2.5,2.44,2.5,23000
2S,20121018,2.48,2.5,2.48,2.48,39000
2S,20121022,2.48,2.48,2.48,2.48,43000
2S,20121029,2.48,2.48,2.48,2.48,11200
2S,20121102,2.48,2.48,2.48,2.48,2000
2S,20121106,2.48,2.48,2.48,2.48,3000
2S,20121114,2.48,2.48,2.48,2.48,27000
2S,20121116,2.4,2.5,2.4,2.5,2500
2S,20121119,2.48,2.48,2.48,2.48,5000
2S,20121120,2.48,2.48,2.48,2.48,5000
2S,20121121,2.48,2.48,2.48,2.48,10000
2S,20121122,2.48,2.48,2.48,2.48,101500
2S,20121123,2.48,2.48,2.48,2.48,50000
2S,20121126,2.48,2.48,2.48,2.48,47000
2S,20121130,2.32,2.46,2.32,2.46,400
2S,20121214,2.46,2.54,2.36,2.36,56300
2S,20121217,2.46,2.54,2.4,2.4,173500
2S,20121218,2.54,2.54,2.48,2.48,6500
2S,20121219,2.42,2.42,2.42,2.42,500
2S,20121220,2.48,2.52,2.48,2.52,1000
2S,20121221,2.42,2.42,2.42,2.42,1000
2S,20121224,2.42,2.48,2.42,2.48,26000
2S,20121225,2.48,2.48,2.48,2.48,100
2S,20121226,2.5,2.52,2.5,2.52,12100
2S,20121227,2.52,2.52,2.42,2.42,14000
2S,20121228,2.42,2.42,2.42,2.42,10100
2S,20130102,2.42,2.42,2.38,2.38,25900
2S,20130103,2.4,2.4,2.38,2.38,20100
2S,20130104,2.4,2.44,2.4,2.44,50100
2S,20130107,2.44,2.44,2.44,2.44,3000
2S,20130108,2.44,2.44,2.44,2.44,31600
2S,20130109,2.44,2.44,2.44,2.44,5000
2S,20130111,2.44,2.44,2.44,2.44,10000
2S,20130117,2.5,2.6,2.48,2.48,158600
2S,20130118,2.48,2.48,2.48,2.48,35000
2S,20130121,2.6,2.6,2.52,2.56,76900
2S,20130122,2.54,2.54,2.54,2.54,2500
2S,20130123,2.56,2.6,2.52,2.6,165800
2S,20130124,2.58,2.68,2.54,2.68,206200
2S,20130125,2.7,2.76,2.64,2.64,434600
2S,20130128,2.6,2.66,2.6,2.64,24700
2S,20130129,2.6,2.6,2.6,2.6,9900
2S,20130130,2.56,2.6,2.54,2.6,41000
2S,20130131,2.5,2.52,2.5,2.52,30000
2S,20130201,2.42,2.46,2.42,2.44,9200
2S,20130204,2.44,2.44,2.44,2.44,5900
2S,20130205,2.44,2.5,2.44,2.5,12000
2S,20130206,2.52,2.52,2.52,2.52,28000
2S,20130207,2.52,2.52,2.48,2.48,62500
2S,20130208,2.48,2.48,2.48,2.48,15000
2S,20130211,2.56,2.56,2.56,2.56,100
2S,20130212,2.56,2.56,2.48,2.48,60100
2S,20130213,2.5,2.5,2.5,2.5,4000
2S,20130214,2.5,2.5,2.5,2.5,13500
2S,20130215,2.46,2.46,2.44,2.46,35700
2S,20130218,2.48,2.5,2.46,2.5,271000
2S,20130219,2.54,2.54,2.46,2.48,24400
2S,20130220,2.52,2.52,2.48,2.48,6000
2S,20130221,2.48,2.48,2.48,2.48,21000
2S,20130226,2.46,2.46,2.44,2.44,38000
2S,20130228,2.44,2.46,2.44,2.46,18000
2S,20130301,2.46,2.48,2.46,2.48,20000
2S,20130304,2.48,2.52,2.48,2.52,44100
2S,20130306,2.56,2.74,2.56,2.72,1244200
2S,20130307,2.74,2.74,2.64,2.64,145700
2S,20130308,2.68,2.68,2.64,2.68,461100
2S,20130311,2.7,2.7,2.64,2.66,153600
2S,20130312,2.66,2.68,2.62,2.62,41900
2S,20130313,2.62,2.64,2.6,2.6,36900
2S,20130314,2.58,2.62,2.58,2.6,524400
2S,20130315,2.6,2.66,2.6,2.66,813400
2S,20130318,2.62,2.64,2.58,2.6,122900
2S,20130319,2.62,2.68,2.56,2.56,83500
2S,20130320,2.56,2.56,2.54,2.56,20300
2S,20130321,2.56,2.62,2.56,2.62,13300
2S,20130322,2.6,2.64,2.4,2.52,69300
2S,20130325,2.6,2.6,2.54,2.54,39500
2S,20130326,2.6,2.6,2.5,2.58,38000
2S,20130327,2.58,2.62,2.56,2.62,6300
2S,20130328,2.6,2.64,2.58,2.62,100100
2S,20130329,2.64,2.68,2.62,2.68,188900
2S,20130401,2.68,2.74,2.68,2.74,220000
2S,20130402,2.78,2.78,2.72,2.76,144800
2S,20130403,2.76,2.76,2.64,2.68,74800
2S,20130404,2.56,2.7,2.56,2.7,37900
2S,20130405,2.64,2.68,2.64,2.68,7000
2S,20130409,2.68,2.68,2.68,2.68,6100
2S,20130410,2.68,2.72,2.64,2.68,16200
2S,20130411,2.68,2.72,2.68,2.72,86700
2S,20130412,2.74,2.8,2.68,2.74,382400
2S,20130417,2.72,2.94,2.72,2.76,661000
2S,20130418,2.8,2.86,2.76,2.82,17700
2S,20130419,2.86,2.88,2.8,2.8,142900
2S,20130422,2.8,2.8,2.76,2.78,72800
2S,20130423,2.78,2.78,2.78,2.78,79500
2S,20130424,2.78,2.78,2.72,2.72,67500
2S,20130425,2.72,2.8,2.72,2.78,53200
2S,20130426,2.78,2.78,2.74,2.78,159400
2S,20130429,2.78,2.82,2.78,2.8,91200
2S,20130430,2.84,2.88,2.84,2.88,260500
2S,20130502,2.5,2.58,2.4,2.52,135200
2S,20130503,2.52,2.96,2.44,2.58,1299300
2S,20130507,2.7,2.7,2.6,2.6,145600
2S,20130508,2.6,2.68,2.52,2.68,46400
2S,20130509,2.68,2.68,2.48,2.6,23900
2S,20130510,2.9,3.1,2.78,2.78,1070500
2S,20130513,2.8,2.8,2.72,2.76,361600
2S,20130514,2.8,2.8,2.68,2.7,185000
2S,20130515,2.72,2.72,2.64,2.72,200600
2S,20130516,2.74,2.74,2.66,2.7,1018400
2S,20130517,2.7,2.74,2.7,2.7,113600
2S,20130520,2.7,2.7,2.64,2.64,177400
2S,20130521,2.64,2.66,2.62,2.66,45600
2S,20130522,2.62,2.7,2.62,2.64,71100
2S,20130523,2.64,2.64,2.5,2.58,394800
2S,20130527,2.5,2.56,2.5,2.5,126800
2S,20130528,2.46,2.54,2.46,2.52,133100
2S,20130529,2.54,2.56,2.54,2.56,44400
2S,20130530,2.54,2.56,2.48,2.48,94800
2S,20130531,2.5,2.5,2.48,2.48,878800
2S,20130603,2.44,2.46,2.44,2.46,238800
2S,20130604,2.46,2.46,2.46,2.46,140800
2S,20130605,2.44,2.46,2.44,2.46,48800
2S,20130606,2.42,2.42,2.4,2.4,70700
2S,20130607,2.4,2.5,2.4,2.5,42500
2S,20130610,2.52,2.54,2.5,2.54,52000
2S,20130611,2.62,2.62,2.48,2.48,27700
2S,20130612,2.44,2.46,2.4,2.46,47900
2S,20130613,2.38,2.38,2.3,2.36,48600
2S,20130614,2.3,2.5,2.3,2.5,48900
2S,20130617,2.5,2.5,2.48,2.48,1700
2S,20130618,2.48,2.48,2.44,2.46,11800
2S,20130619,2.4,2.4,2.4,2.4,16000
2S,20130620,2.4,2.4,2.4,2.4,1900
2S,20130621,2.36,2.36,2.28,2.36,69000
2S,20130624,2.4,2.4,2.3,2.3,4300
2S,20130625,2.3,2.32,2.3,2.32,2900
2S,20130627,2.26,2.32,2.26,2.32,46200
2S,20130702,2.28,2.3,2.28,2.3,25000
2S,20130703,2.26,2.3,2.26,2.28,46700
2S,20130704,2.28,2.28,2.28,2.28,14800
2S,20130705,2.36,2.36,2.24,2.28,110000
2S,20130708,2.36,2.36,2.26,2.26,300
2S,20130709,2.22,2.22,2.22,2.22,15500
2S,20130710,2.22,2.22,2.22,2.22,500
2S,20130711,2.18,2.3,2.18,2.3,51600
2S,20130712,2.26,2.32,2.26,2.3,33100
2S,20130715,2.32,2.32,2.32,2.32,2000
2S,20130717,2.28,2.28,2.26,2.26,75400
2S,20130718,2.26,2.38,2.26,2.38,80500
2S,20130719,2.4,2.4,2.38,2.38,7600
2S,20130723,2.28,2.32,2.26,2.32,205000
2S,20130724,2.26,2.32,2.26,2.28,60900
2S,20130725,2.28,2.28,2.26,2.26,46000
2S,20130726,2.26,2.34,2.26,2.34,136800
2S,20130729,2.26,2.34,2.26,2.34,118900
2S,20130731,2.22,2.24,2.2,2.22,190000
2S,20130801,2.22,2.24,2.22,2.24,7500
2S,20130802,2.24,2.24,2.24,2.24,30000
2S,20130805,2.28,2.28,2.28,2.28,800
2S,20130806,2.24,2.24,2.24,2.24,600
2S,20130807,2.28,2.3,2.28,2.3,10400
2S,20130808,2.26,2.26,2.24,2.24,26000
2S,20130809,2.2,2.2,2.2,2.2,10000
2S,20130813,2.36,2.36,2.28,2.28,10800
2S,20130816,2.22,2.26,2.2,2.26,15300
2S,20130819,2.24,2.24,2.18,2.22,24000
2S,20130820,2.2,2.2,2.18,2.18,51500
2S,20130821,2.16,2.18,2.16,2.18,2900
2S,20130822,2.18,2.18,2.14,2.14,18500
2S,20130823,2.16,2.18,2.16,2.18,19600
2S,20130826,2.18,2.18,2.18,2.18,11800
2S,20130827,2.14,2.14,2.12,2.12,23600
2S,20130829,2.3,2.3,2.3,2.3,3000
2S,20130830,2.4,2.4,2.4,2.4,3600
2S,20130905,2.38,2.42,2.38,2.42,23500
2S,20130906,2.42,2.48,2.42,2.48,2000
2S,20130909,2.46,2.46,2.18,2.36,23400
2S,20130912,2.34,2.34,2.32,2.32,8100
2S,20130916,2.36,2.36,2.34,2.34,45100
2S,20130917,2.36,2.36,2.34,2.36,25800
2S,20130918,2.3,2.3,2.3,2.3,20000
2S,20130919,2.3,2.3,2.3,2.3,3000
2S,20130920,2.28,2.3,2.28,2.3,45300
2S,20130923,2.28,2.28,2.22,2.28,9800
2S,20130925,2.22,2.28,2.22,2.28,1700
2S,20130927,2.24,2.24,2.24,2.24,3500
2S,20130930,2.2,2.2,2.2,2.2,5000
2S,20131001,2.2,2.2,2.2,2.2,7300
2S,20131002,2.18,2.18,2.18,2.18,3600
2S,20131003,2.2,2.2,2.2,2.2,1400
2S,20131007,2.2,2.24,2.2,2.24,13500
2S,20131008,2.2,2.2,2.2,2.2,500
2S,20131009,2.22,2.22,2.22,2.22,100
2S,20131010,2.24,2.3,2.24,2.3,8100
2S,20131011,2.3,2.48,2.3,2.3,13600
2S,20131015,2.2,2.2,2.2,2.2,10200
2S,20131016,2.24,2.24,2.24,2.24,100200
2S,20131017,2.22,2.24,2.14,2.24,187100
2S,20131018,2.2,2.2,2.2,2.2,1000
2S,20131024,2.22,2.22,2.22,2.22,100
2S,20131025,2.2,2.22,2.2,2.22,5300
2S,20131028,2.16,2.18,2.14,2.16,18900
2S,20131029,2.18,2.18,2.18,2.18,100
2S,20131030,2.12,2.16,2.12,2.16,2000
2S,20131031,2.16,2.16,2.16,2.16,3500
2S,20131108,2.08,2.12,2.08,2.12,4200
2S,20131111,2.24,2.24,2.24,2.24,300
2S,20131112,2.14,2.22,2.14,2.22,2500
2S,20131113,2.22,2.24,2.22,2.24,10000
2S,20131114,2.24,2.28,2.24,2.28,12800
2S,20131115,2.24,2.24,2.2,2.2,162000
2S,20131118,2.24,2.24,2.2,2.2,200
2S,20131119,2.24,2.24,2.18,2.22,1700
2S,20131121,2.08,2.08,2.08,2.08,300
2S,20131122,2.14,2.2,2.08,2.18,4900
2S,20131125,2.12,2.18,2.12,2.16,2700
2S,20131126,2.22,2.24,2.18,2.24,1900
2S,20131128,2.2,2.3,2.2,2.3,55600
2S,20131129,2.3,2.42,2.3,2.32,30300
2S,20131202,2.32,2.34,2.32,2.34,19400
2S,20131203,2.36,2.36,2.34,2.36,30600
2S,20131204,2.4,2.5,2.4,2.5,27700
2S,20131209,2.3,2.48,2.3,2.48,4600
2S,20131211,2.46,2.48,2.46,2.48,2100
2S,20131212,2.28,2.4,2.28,2.4,2300
2S,20131213,2.2,2.38,2.18,2.38,17500
2S,20131216,2.2,2.36,2.16,2.26,28400
2S,20131217,2.24,2.26,2.22,2.24,10600
2S,20131218,2.24,2.34,2.24,2.34,25800
2S,20131219,2.3,2.3,2.24,2.26,3100
2S,20131220,2.3,2.3,2.22,2.28,88700
2S,20131223,2.24,2.34,2.1,2.28,14200
2S,20131224,2.28,2.3,2.14,2.26,3800
2S,20131225,2.22,2.3,2.22,2.3,12400
2S,20131226,2.28,2.32,2.28,2.32,10800
2S,20131227,2.3,2.34,2.3,2.34,1300
2S,20140102,2.32,2.36,2.28,2.28,16700
2S,20140103,2.3,2.3,2.3,2.3,5000
2S,20140106,2.3,2.36,2.3,2.3,5200
2S,20140107,2.3,2.3,2.2,2.28,31800
2S,20140108,2.3,2.3,2.3,2.3,100
2S,20140109,2.28,2.3,2.28,2.3,8300
2S,20140114,2.3,2.36,2.3,2.32,3100
2S,20140116,2.28,2.36,2.28,2.36,20600
2S,20140121,2.2,2.3,2.2,2.26,13800
2S,20140122,2.28,2.28,2.28,2.28,100
2S,20140123,2.2,2.2,2.16,2.2,56100
2S,20140124,2.22,2.24,2.16,2.22,9600
2S,20140127,2.28,2.28,2.18,2.24,21200
2S,20140128,2.26,2.26,2.26,2.26,100
2S,20140129,2.24,2.26,2.24,2.26,600
2S,20140203,2.28,2.28,2.24,2.28,1500
2S,20140204,2.28,2.28,2.28,2.28,100
2S,20140205,2.3,2.36,2.3,2.36,4100
2S,20140206,2.22,2.34,2.22,2.34,3200
2S,20140207,2.24,2.32,2.24,2.32,2100
2S,20140210,2.3,2.3,2.22,2.26,8600
2S,20140211,2.28,2.28,2.2,2.26,23100
2S,20140212,2.3,2.3,2.3,2.3,100
2S,20140217,2.18,2.3,2.18,2.3,27500
2S,20140218,2.2,2.28,2.2,2.28,17800
2S,20140219,2.2,2.26,2.2,2.2,122200
2S,20140220,2.28,2.28,2.16,2.16,10000
2S,20140221,2.26,2.26,2.18,2.24,61100
2S,20140224,2.26,2.26,2.26,2.26,100
2S,20140226,2.2,2.22,2.16,2.22,23500
2S,20140227,2.26,2.26,2.22,2.26,70200
2S,20140228,2.28,2.28,2.2,2.24,72400
2S,20140303,2.32,2.32,2.2,2.2,71200
2S,20140304,2.3,2.3,2.2,2.24,31400
2S,20140305,2.3,2.3,2.2,2.22,33400
2S,20140306,2.22,2.24,2.16,2.2,64800
2S,20140307,2.26,2.26,2.2,2.22,14800
2S,20140310,2.3,2.3,2.28,2.28,200
2S,20140311,2.28,2.28,2.22,2.22,54300
2S,20140312,2.22,2.28,2.18,2.28,30000
2S,20140313,2.3,2.3,2.28,2.3,72500
2S,20140314,2.28,2.32,2.26,2.32,32500
2S,20140317,2.3,2.34,2.3,2.32,70300
2S,20140318,2.32,2.36,2.32,2.36,19100
2S,20140319,2.42,2.46,2.28,2.34,172200
2S,20140320,2.34,2.36,2.34,2.36,200
2S,20140321,2.24,2.32,2.24,2.32,700
2S,20140324,2.24,2.34,2.24,2.34,30400
2S,20140325,2.34,2.36,2.34,2.36,600
2S,20140327,2.28,2.34,2.24,2.26,93500
2S,20140328,2.32,2.32,2.26,2.26,25300
2S,20140331,2.34,2.34,2.26,2.32,26000
2S,20140401,2.26,2.32,2.24,2.32,6100
2S,20140402,2.3,2.32,2.26,2.32,22700
2S,20140403,2.32,2.36,2.3,2.36,33500
2S,20140404,2.34,2.36,2.24,2.36,1800
2S,20140408,2.3,2.32,2.28,2.3,106800
2S,20140409,2.28,2.32,2.26,2.3,72800
2S,20140410,2.3,2.3,2.28,2.3,26600
2S,20140411,2.28,2.32,2.24,2.26,171500
2S,20140417,2.32,2.32,2.32,2.32,400
2S,20140418,2.3,2.3,2.28,2.3,13400
2S,20140421,2.32,2.32,2.3,2.3,25100
2S,20140422,2.34,2.34,2.34,2.34,100
2S,20140423,2.32,2.36,2.32,2.36,52400
2S,20140424,2.32,2.32,2.26,2.32,30400
2S,20140428,2.34,2.34,2.32,2.32,20200
2S,20140429,2.34,2.36,2.3,2.32,134700
2S,20140430,2.32,2.32,2.3,2.32,315800
2S,20140502,2.2,2.24,2.18,2.22,110500
2S,20140506,2.28,2.28,2.22,2.24,17500
2S,20140507,2.24,2.26,2.2,2.2,3100
2S,20140508,2.28,2.36,2.16,2.2,100200
2S,20140509,2.28,2.28,2.24,2.26,16200
2S,20140512,2.26,2.28,2.26,2.28,80000
2S,20140514,2.28,2.36,2.28,2.32,86900
2S,20140515,2.3,2.34,2.3,2.34,122600
2S,20140516,2.3,2.32,2.3,2.3,13200
2S,20140519,2.28,2.3,2.28,2.3,10400
2S,20140520,2.3,2.3,2.3,2.3,156600
2S,20140521,2.28,2.3,2.28,2.3,40500
2S,20140522,2.3,2.32,2.3,2.3,89100
2S,20140523,2.28,2.3,2.28,2.3,13400
2S,20140526,2.3,2.3,2.3,2.3,24000
2S,20140527,2.3,2.3,2.28,2.28,23500
2S,20140528,2.3,2.3,2.28,2.28,87600
2S,20140529,2.32,2.32,2.3,2.3,22100
2S,20140530,2.32,2.36,2.28,2.28,871200
2S,20140602,2.3,2.36,2.3,2.32,202900
2S,20140603,2.32,2.34,2.32,2.34,29400
2S,20140604,2.32,2.48,2.32,2.42,353000
2S,20140605,2.38,2.6,2.38,2.6,424300
2S,20140606,2.6,2.64,2.56,2.6,314300
2S,20140609,2.6,2.66,2.58,2.6,481400
2S,20140610,2.66,2.66,2.58,2.58,205300
2S,20140611,2.58,2.58,2.5,2.52,254800
2S,20140612,2.64,2.64,2.54,2.54,85400
2S,20140613,2.52,2.6,2.52,2.6,17400
2S,20140616,2.6,3,2.6,2.64,97500
2S,20140617,2.66,2.74,2.64,2.74,218700
2S,20140618,2.8,2.8,2.5,2.5,236500
2S,20140619,2.54,2.62,2.54,2.58,34900
2S,20140620,2.6,2.62,2.56,2.56,59300
2S,20140623,2.58,2.78,2.56,2.58,120000
2S,20140624,2.6,2.64,2.54,2.54,42800
2S,20140625,2.6,2.6,2.54,2.58,12600
2S,20140626,2.52,2.6,2.5,2.6,5800
2S,20140627,2.56,2.6,2.56,2.6,23200
2S,20140630,2.7,2.7,2.58,2.66,26100
2S,20140702,2.56,2.64,2.56,2.64,43100
2S,20140703,2.64,2.64,2.58,2.62,46400
2S,20140704,2.6,2.62,2.58,2.62,25200
2S,20140707,2.62,2.62,2.56,2.62,11200
2S,20140708,2.58,3.4,2.58,3.4,3348900
2S,20140709,4.42,4.42,3.7,4.42,11234000
2S,20140710,4.1,4.32,3.42,3.66,6726600
2S,20140714,3.72,3.72,3.44,3.58,1206300
2S,20140715,3.54,4.46,3.52,4.02,22306800
2S,20140716,4.02,4.54,4.02,4.24,15805400
2S,20140717,4.44,4.52,4.12,4.26,9495200
2S,20140718,4.28,4.32,3.9,3.9,5088400
2S,20140721,4.06,4.1,3.86,3.86,1848800
2S,20140722,3.86,4.16,3.8,3.9,5594100
2S,20140723,4,4,3.9,3.94,969500
2S,20140724,3.94,4.02,3.88,3.9,1375700
2S,20140725,3.9,3.98,3.84,3.86,566500
2S,20140728,3.88,3.88,3.8,3.82,513100
2S,20140729,3.8,4.02,3.7,3.7,2321000
2S,20140730,3.7,3.74,3.44,3.46,915100
2S,20140731,3.48,3.58,3.32,3.36,1036300
2S,20140801,3.36,3.44,3.34,3.4,470700
2S,20140804,3.32,3.44,3.32,3.38,551400
2S,20140805,3.4,3.48,3.4,3.44,223800
2S,20140806,3.44,3.76,3.44,3.6,1459400
2S,20140807,3.66,3.66,3.54,3.6,353900
2S,20140808,3.64,3.64,3.5,3.58,89900
2S,20140813,3.6,3.64,3.52,3.52,146700
2S,20140814,3.56,3.56,3.48,3.5,194900
2S,20140815,3.54,3.6,3.44,3.52,281500
2S,20140818,3.52,3.6,3.52,3.56,142000
2S,20140819,3.6,3.72,3.56,3.6,575700
2S,20140820,3.66,4.38,3.66,4.04,10658100
2S,20140821,4.12,4.18,3.86,3.92,2617200
2S,20140822,3.98,4,3.84,3.92,1077900
2S,20140825,3.96,4.02,3.92,3.96,757200
2S,20140826,3.96,3.96,3.88,3.92,433400
2S,20140827,3.9,3.92,3.82,3.86,296700
2S,20140828,3.86,3.86,3.5,3.74,424900
2S,20140829,3.76,3.82,3.74,3.76,157200
2S,20140901,3.76,3.88,3.76,3.78,211400
2S,20140902,3.82,3.84,3.76,3.78,245900
2S,20140903,3.82,3.88,3.78,3.8,535300
2S,20140904,3.82,3.84,3.78,3.78,136700
2S,20140905,3.8,3.88,3.72,3.74,291300
2S,20140908,3.76,3.84,3.76,3.78,179500
2S,20140909,3.8,3.94,3.78,3.82,708700
2S,20140910,3.84,4.2,3.82,3.92,3231200
2S,20140911,3.96,4.08,3.9,3.92,1145200
2S,20140912,3.92,3.96,3.84,3.86,291200
2S,20140915,3.88,3.96,3.88,3.96,470500
2S,20140916,4.4,4.54,4,4.04,11192500
2S,20140917,4.14,4.38,4.06,4.22,10731700
2S,20140918,4.3,5.45,4.24,5.45,62221500
2S,20140919,5.65,6.75,4.9,5.05,59313500
2S,20140922,5,5.65,5,5.05,22994500
2S,20140923,5.15,5.45,4.94,5,9463400
2S,20140924,5.1,5.2,5,5.1,3472500
2S,20140925,5.15,6.25,4.98,5.6,48223500
2S,20140926,5.55,6.05,5.4,5.6,19516500
2S,20140929,5.65,5.75,5.15,5.25,5877700
2S,20140930,5.3,5.9,5.25,5.4,16016200
2S,20141001,5.4,5.75,5.35,5.35,7173500
2S,20141002,5.35,5.45,5,5,3698600
2S,20141003,5.05,5.2,4.94,5,3107100
2S,20141006,5.05,5.1,4.6,4.6,1934900
2S,20141007,4.72,5.05,4.6,4.64,5030300
2S,20141008,4.66,5.2,4.62,5.15,8233100
2S,20141009,5.5,5.7,5,5.05,10094400
2S,20141010,5.05,5.1,4.96,4.96,2144100
2S,20141013,4.94,4.96,4.82,4.82,1414600
2S,20141014,4.84,5.05,4.84,4.88,1322000
2S,20141015,4.92,5,4.88,4.9,1189300
2S,20141016,4.9,4.92,4.8,4.8,648900
2S,20141017,4.84,4.92,4.76,4.76,689200
2S,20141020,4.8,4.88,4.72,4.72,289600
2S,20141021,4.74,4.9,4.64,4.7,599700
2S,20141022,4.76,5.1,4.72,4.74,7407800
2S,20141024,4.76,4.88,4.7,4.7,2464200
2S,20141027,4.72,4.78,4.68,4.68,1866700
2S,20141028,4.7,4.74,4.66,4.72,1146900
2S,20141029,4.74,5.15,4.74,5.05,14394800
2S,20141030,5.15,5.25,4.9,4.92,5035900
2S,20141031,4.92,4.94,4.86,4.86,1310400
2S,20141103,4.92,5.05,4.84,4.84,2097200
2S,20141104,4.86,4.94,4.74,4.8,1249800
2S,20141105,4.8,4.82,4.74,4.76,522200
2S,20141106,4.74,5.1,4.74,4.78,4039700
2S,20141107,4.84,5,4.76,4.8,2468200
2S,20141110,4.8,4.84,4.76,4.78,728400
2S,20141111,4.78,4.9,4.72,4.72,1104500
2S,20141112,4.82,4.82,4.72,4.72,828900
2S,20141113,4.76,4.82,4.62,4.62,1112200
2S,20141114,4.64,4.68,4.54,4.54,527500
2S,20141117,4.54,4.58,4.4,4.44,494700
2S,20141118,4.46,4.6,4.4,4.42,602500
2S,20141119,4.52,4.52,4.32,4.32,502000
2S,20141120,4.32,4.42,4.26,4.26,595800
2S,20141121,4.2,4.32,4.2,4.28,263100
2S,20141124,4.26,4.32,4.26,4.26,191800
2S,20141125,4.32,4.32,4.22,4.22,103600
2S,20141126,4.2,4.28,4.16,4.16,283900
2S,20141127,4.18,4.22,4.06,4.1,243200
2S,20141128,4.12,4.12,4,4.02,377600
2S,20141201,4.06,4.12,4,4.06,111000
2S,20141202,4.1,4.16,4.04,4.06,310700
2S,20141203,4.12,4.12,4,4.04,312200
2S,20141204,4.1,4.1,4,4.1,247800
2S,20141208,4.08,4.12,4,4.04,179200
2S,20141209,4.06,4.06,3.98,4,127100
2S,20141211,3.98,4,3.84,3.84,195100
2S,20141212,3.8,3.96,3.8,3.96,116900
2S,20141215,3.84,3.96,3.02,3.62,210100
2S,20141216,3.5,3.6,3.3,3.54,95200
2S,20141217,3.8,3.8,3.58,3.58,38500
2S,20141218,3.64,3.8,3.5,3.72,47300
2S,20141219,3.72,3.72,3.64,3.72,51100
2S,20141222,3.78,4.26,3.68,4.22,848700
2S,20141223,4.34,4.34,3.96,3.96,592500
2S,20141224,4.08,4.14,3.88,3.9,131800
2S,20141225,3.96,3.96,3.8,3.9,31500
2S,20141226,3.84,3.92,3.82,3.9,24100
2S,20141229,3.92,3.98,3.86,3.86,10700
2S,20141230,3.86,3.96,3.82,3.82,21500
2S,20150105,3.84,3.92,3.78,3.8,29800
2S,20150106,3.88,3.88,3.76,3.8,55700
2S,20150107,3.78,3.92,3.76,3.84,111400
2S,20150108,3.88,3.88,3.76,3.84,150800
2S,20150109,3.86,3.86,3.76,3.8,176000
2S,20150112,3.8,3.84,3.76,3.76,97400
2S,20150113,3.76,3.92,3.76,3.88,184900
2S,20150114,3.92,4.66,3.88,4.26,6809600
2S,20150115,4.24,4.32,4.16,4.22,772300
2S,20150116,4.3,4.3,4.14,4.14,242500
2S,20150119,4.14,4.34,4.14,4.16,938400
2S,20150120,4.16,4.18,3.98,3.98,637900
2S,20150121,4,4.04,3.94,4,322200
2S,20150122,4.04,4.04,3.96,3.98,187300
2S,20150123,4.02,4.1,3.96,3.98,539300
2S,20150126,4.02,4.04,3.82,3.98,157900
2S,20150127,3.86,4,3.86,3.98,208900
2S,20150128,3.98,4.04,3.82,3.92,164500
2S,20150129,3.92,3.96,3.88,3.94,82600
2S,20150130,3.88,3.96,3.88,3.94,101000
2S,20150202,3.9,3.94,3.88,3.9,104500
2S,20150203,3.94,4.06,3.9,3.92,194600
2S,20150204,4,4.14,3.94,3.98,276500
2S,20150205,4,4.02,3.94,3.96,86700
2S,20150206,4,4.04,3.96,4,130600
2S,20150209,4.1,4.22,4,4,694000
2S,20150210,4.04,4.16,4.02,4.04,314500
2S,20150211,4.1,4.12,4.02,4.02,128700
2S,20150212,4.1,4.6,4.04,4.48,7170700
2S,20150213,4.86,4.88,4.3,4.4,4120800
2S,20150216,4.36,4.38,4.24,4.28,545700
2S,20150217,4.24,4.3,4.22,4.24,210900
2S,20150218,4.24,4.3,4.22,4.24,159400
2S,20150219,4.24,4.32,4.2,4.3,114400
2S,20150220,4.3,4.56,4.28,4.5,2425400
2S,20150223,4.54,4.68,4.4,4.44,1793200
2S,20150224,4.48,4.48,4.28,4.28,248400
2S,20150225,4.3,4.4,4.28,4.32,223900
2S,20150226,4.38,4.4,4.2,4.36,330200
2S,20150227,4.36,4.4,4.2,4.22,250200
2S,20150302,4.14,4.24,4.12,4.16,124900
2S,20150303,4.18,4.2,4.04,4.04,68300
2S,20150305,4.18,4.18,4.02,4.08,134700
2S,20150306,4.02,4.6,4.02,4.2,331000
2S,20150309,4.16,4.3,4.16,4.18,108200
2S,20150310,4.24,4.32,4.14,4.14,394800
2S,20150311,4,4.18,4,4.14,177900
2S,20150312,4.04,4.74,4,4.3,1519500
2S,20150313,4.4,4.4,4,4,848000
2S,20150316,4.1,4.1,3.8,3.9,454400
2S,20150317,3.9,3.9,3.6,3.8,244300
2S,20150318,3.78,4,3.66,3.8,583800
2S,20150319,3.82,3.98,3.82,3.84,180100
2S,20150320,3.88,3.96,3.66,3.84,101200
2S,20150323,3.86,3.92,3.68,3.68,115700
2S,20150324,3.74,3.84,3.62,3.62,102000
2S,20150325,3.62,3.76,3.62,3.72,20300
2S,20150326,3.62,3.72,3.62,3.68,80900
2S,20150327,3.62,3.7,3.62,3.68,42100
2S,20150330,3.62,3.72,3.62,3.68,53300
2S,20150331,3.68,3.72,3.64,3.68,19800
2S,20150401,3.66,3.78,3.62,3.68,56000
2S,20150402,3.74,3.76,3.72,3.76,20100
2S,20150403,3.8,3.98,3.78,3.9,591300
2S,20150407,3.94,3.94,3.86,3.92,97800
2S,20150408,3.92,3.94,3.86,3.86,20800
2S,20150409,3.9,3.92,3.84,3.88,10200
2S,20150410,3.88,3.9,3.84,3.9,1900
2S,20150416,3.88,3.9,3.88,3.9,52500
2S,20150417,3.9,3.9,3.84,3.86,87000
2S,20150420,3.86,3.86,3.76,3.82,77900
2S,20150421,3.84,3.86,3.72,3.72,86000
